district,latitude,longitude,rainfall_24h_mm,rainfall_7d_mm,rainfall_30d_mm,humidity_pct,elevation_m,slope_deg,soil_type,soil_moisture_pct,soil_saturation_pct,historical_landslides,recent_landslides,historical_susceptibility,risk_score,risk_level,road_blockages,weather_data_status,landslide_data_status,terrain_data_status,soil_data_status,weather_source,landslide_source,terrain_source,soil_source,last_updated
Almora,29.5971,79.6591,,,,,,,,,,,,,,,,NOT_IMPORTED,NOT_IMPORTED,NOT_IMPORTED,NOT_IMPORTED,IMD,NRSC/ISRO,NRSC/ISRO / Bhuvan,OFFICIAL_SOURCE_REQUIRED,2026-09-28T18:01:41.753865+00:00
Bageshwar,29.8383,79.7714,,,,,,,,,,,,,,,,NOT_IMPORTED,NOT_IMPORTED,NOT_IMPORTED,NOT_IMPORTED,IMD,NRSC/ISRO,NRSC/ISRO / Bhuvan,OFFICIAL_SOURCE_REQUIRED,2026-09-28T18:01:41.753865+00:00
Chamoli,30.402,79.3281,,,,,,,,,,,,,,,,NOT_IMPORTED,NOT_IMPORTED,NOT_IMPORTED,NOT_IMPORTED,IMD,NRSC/ISRO,NRSC/ISRO / Bhuvan,OFFICIAL_SOURCE_REQUIRED,2026-09-28T18:01:41.753865+00:00
Champawat,29.3357,80.091,,,,,,,,,,,,,,,,NOT_IMPORTED,NOT_IMPORTED,NOT_IMPORTED,NOT_IMPORTED,IMD,NRSC/ISRO,NRSC/ISRO / Bhuvan,OFFICIAL_SOURCE_REQUIRED,2026-09-28T18:01:41.753865+00:00
Dehradun,30.3165,78.0322,,,,,,,,,,,,,,,,NOT_IMPORTED,NOT_IMPORTED,NOT_IMPORTED,NOT_IMPORTED,IMD,NRSC/ISRO,NRSC/ISRO / Bhuvan,OFFICIAL_SOURCE_REQUIRED,2026-09-28T18:01:41.753865+00:00
Haridwar,29.9457,78.1642,,,,,,,,,,,,,,,,NOT_IMPORTED,NOT_IMPORTED,NOT_IMPORTED,NOT_IMPORTED,IMD,NRSC/ISRO,NRSC/ISRO / Bhuvan,OFFICIAL_SOURCE_REQUIRED,2026-09-28T18:01:41.753865+00:00
Nainital,29.3919,79.4542,,,,,,,,,,,,,,,,NOT_IMPORTED,NOT_IMPORTED,NOT_IMPORTED,NOT_IMPORTED,IMD,NRSC/ISRO,NRSC/ISRO / Bhuvan,OFFICIAL_SOURCE_REQUIRED,2026-09-28T18:01:41.753865+00:00
Pauri Garhwal,30.1461,78.7782,,,,,,,,,,,,,,,,NOT_IMPORTED,NOT_IMPORTED,NOT_IMPORTED,NOT_IMPORTED,IMD,NRSC/ISRO,NRSC/ISRO / Bhuvan,OFFICIAL_SOURCE_REQUIRED,2026-09-28T18:01:41.753865+00:00
Pithoragarh,29.5829,80.2182,,,,,,,,,,,,,,,,NOT_IMPORTED,NOT_IMPORTED,NOT_IMPORTED,NOT_IMPORTED,IMD,NRSC/ISRO,NRSC/ISRO / Bhuvan,OFFICIAL_SOURCE_REQUIRED,2026-09-28T18:01:41.753865+00:00
Rudraprayag,30.2844,78.9811,,,,,,,,,,,,,,,,NOT_IMPORTED,NOT_IMPORTED,NOT_IMPORTED,NOT_IMPORTED,IMD,NRSC/ISRO,NRSC/ISRO / Bhuvan,OFFICIAL_SOURCE_REQUIRED,2026-09-28T18:01:41.753865+00:00
Tehri Garhwal,30.378,78.48,,,,,,,,,,,,,,,,NOT_IMPORTED,NOT_IMPORTED,NOT_IMPORTED,NOT_IMPORTED,IMD,NRSC/ISRO,NRSC/ISRO / Bhuvan,OFFICIAL_SOURCE_REQUIRED,2026-09-28T18:01:41.753865+00:00
Udham Singh Nagar,28.976,79.4,,,,,,,,,,,,,,,,NOT_IMPORTED,NOT_IMPORTED,NOT_IMPORTED,NOT_IMPORTED,IMD,NRSC/ISRO,NRSC/ISRO / Bhuvan,OFFICIAL_SOURCE_REQUIRED,2026-09-28T18:01:41.753865+00:00
Uttarkashi,30.7268,78.4354,,,,,,,,,,,,,,,,NOT_IMPORTED,NOT_IMPORTED,NOT_IMPORTED,NOT_IMPORTED,IMD,NRSC/ISRO,NRSC/ISRO / Bhuvan,OFFICIAL_SOURCE_REQUIRED,2026-09-28T18:01:41.753865+00:00
