district,lat,lon,rainfall_mm,humidity_pct,recent_landslides,slope_deg,soil_saturation_pct,historical_susceptibility,road_blockages,risk_score,risk_level,last_updated,data_status
Almora,29.5971,79.6591,42,72,18,34,58,0.62,2,52,HIGH,DEMO DATA,DEMO / DERIVED
Bageshwar,29.8383,79.7714,58,78,27,39,67,0.74,3,66,HIGH,DEMO DATA,DEMO / DERIVED
Chamoli,30.402,79.3281,73,81,34,43,72,0.82,4,77,CRITICAL,DEMO DATA,DEMO / DERIVED
Champawat,29.3357,80.091,51,76,21,37,64,0.68,2,58,HIGH,DEMO DATA,DEMO / DERIVED
Dehradun,30.3165,78.0322,36,69,11,28,49,0.48,1,42,MODERATE,DEMO DATA,DEMO / DERIVED
Haridwar,29.9457,78.1642,24,67,5,12,31,0.29,0,26,LOW,DEMO DATA,DEMO / DERIVED
Nainital,29.3919,79.4542,61,79,29,41,69,0.77,3,69,HIGH,DEMO DATA,DEMO / DERIVED
Pauri Garhwal,30.1461,78.7782,47,74,24,36,63,0.65,2,58,HIGH,DEMO DATA,DEMO / DERIVED
Pithoragarh,29.5829,80.2182,71,82,31,45,75,0.81,4,76,CRITICAL,DEMO DATA,DEMO / DERIVED
Rudraprayag,30.2844,78.9811,73,83,35,44,74,0.83,4,78,CRITICAL,DEMO DATA,DEMO / DERIVED
Tehri Garhwal,30.378,78.48,56,77,25,38,66,0.71,3,64,HIGH,DEMO DATA,DEMO / DERIVED
Udham Singh Nagar,28.976,79.4,21,65,4,10,28,0.25,0,23,LOW,DEMO DATA,DEMO / DERIVED
Uttarkashi,30.7268,78.4354,72,80,32,42,71,0.8,4,75,CRITICAL,DEMO DATA,DEMO / DERIVED
